Epoch,disc_loss,gen_loss
0,0.17702466249465942,4.5697340965271
10,0.1632200926542282,9.162577629089355
20,0.1625787764787674,11.915023803710938
