Epoch,disc_loss,gen_loss
0,0.19075043499469757,5.726176738739014
