Epoch,disc_loss,gen_loss
0,0.16578452289104462,6.7606425285339355
10,0.16271887719631195,10.922353744506836
20,0.16255170106887817,12.0079984664917
